accession	dna_profile
example1-1	C241T T606C C913T C3037T C3267T A3948G C5388A C5986T T6954C del:11288:9 C13515T C14408T C14676T C14697T C15279T T16176C A17986G
example1-2	C241T T606C C913T C3037T C3267T A3948G C5388A C5986T T6954C del:11288:9 C13515T C14408T C14676T C14697T C15279T T16176C A17986G
exampledel2	C241T T606C del:1001:20
example1-3	C241T T606C C913T C3037T C3267T A3948G C5388A C5986T T6954C del:11288:9 C13515T C14408T C14676T C14697T C15279T T16176C A17986G
example2-1	C241T T606C C913T C3037T C3267T A3948G C5388A C5986T T6954C del:11288:9 C13515T C14408T C14676T C14697T C15279T T16176C A17986G G18000A
example3-1	C241T T606C C913T C3037T C3267T A3948G C5388A C5986T T6954C del:11288:9 C13515T C14408T C14676T C14697T C15279T T16176C A17986G G18000A G18001A G18002A T18003A
example3-2	C241T T606C C913T C3037T C3267T A3948G C5388A C5986T T6954C del:11288:9 C13515T C14408T C14676T C14697T C15279T T16176C A17986G G18000A G18001A G18002A
example2-2	C241T T606C C913T C3037T C3267T A3948G C5388A C5986T T6954C del:11288:9 C13515T C14408T C14676T C14697T C15279T T16176C A17986G G18000A
exampledel1	C241T T606C del:1000:10